Designator,Mid X,Mid Y,Rotation,Layer
D1,51.5,-75.0,90.0,top
J1,142.75,-92.75,270.0,bottom
R1,51.5,-83.4625,270.0,top
U1,60.0125,-133.0,0.0,top
U10,108.341666,-75.5,0.0,top
U11,156.670832,-75.5,0.0,top
U12,205.0,-75.5,0.0,top
U2,108.341666,-133.0,0.0,top
U3,156.670832,-133.0,0.0,top
U4,205.0,-133.0,0.0,top
U5,60.0125,-104.25,0.0,top
U6,108.341666,-104.25,0.0,top
U7,156.670832,-104.25,0.0,top
U8,205.0,-104.25,0.0,top
U9,60.0125,-75.5,0.0,top
